15:58,59.21,-33,1016,18
15:58,59.21,-33,1016,18
15:58,59.21,-35,1016,21
15:58,59.22,-35,1016,21
15:58,59.22,-30,1018,19
15:58,59.23,-30,1018,19
15:58,59.23,-34,1017,21
15:58,59.24,-34,1017,21
15:58,59.24,-32,1017,19
15:58,59.25,-32,1017,19
15:58,59.25,-35,1017,18
15:58,59.26,-35,1017,18
15:58,59.26,-35,1019,16
15:58,59.26,-35,1019,16
15:58,59.26,-35,1018,17
15:58,59.27,-35,1018,17
15:58,59.27,-34,1016,20
15:58,59.28,-34,1016,20
15:58,59.28,-35,1016,19
15:58,59.29,-35,1016,19
15:58,59.29,-35,1017,21
15:58,59.3,-35,1017,21
15:58,59.3,-33,1021,21
15:58,59.3,-33,1021,21
15:58,59.31,-36,1018,16
15:58,59.31,-34,1018,17
15:58,59.32,-32,1017,19
15:58,59.33,-35,1016,20
15:58,59.34,-34,1018,25
15:58,59.35,-36,1017,16
15:58,59.35,-35,1017,16
15:58,59.36,-35,1017,16
15:58,59.36,-32,1016,21
15:58,59.37,-32,1016,21
15:58,59.37,-35,1016,22
15:58,59.38,-35,1016,22
15:58,59.38,-34,1015,16
15:58,59.39,-34,1015,16
15:58,59.39,-31,1019,17
15:58,59.39,-31,1019,17
15:58,59.4,-32,1018,19
15:58,59.4,-32,1018,19
15:58,59.41,-35,1017,18
15:58,59.41,-35,1017,18
15:58,59.41,-32,1016,21
15:58,59.42,-32,1016,21
15:58,59.42,-35,1017,19
15:58,59.43,-35,1017,19
15:58,59.43,-29,1016,19
15:58,59.44,-35,1018,20
15:58,59.44,-34,1017,17
15:58,59.45,-34,1015,17
15:58,59.46,-33,1019,19
15:58,59.47,-32,1018,19
15:58,59.48,-33,1021,16
15:58,59.48,-33,1021,16
15:58,59.49,-34,1017,21
15:58,59.49,-34,1017,21
15:58,59.5,-35,1018,19
15:58,59.5,-35,1018,19
15:58,59.5,-31,1016,24
15:58,59.51,-31,1016,24
15:58,59.51,-34,1016,16
15:58,59.52,-34,1016,16
15:58,59.52,-38,1015,21
15:58,59.53,-38,1015,21
15:58,59.53,-32,1016,19
15:58,59.53,-32,1016,19
15:58,59.53,-32,1016,16
15:58,59.54,-32,1016,16
15:58,59.54,-35,1014,14
15:58,59.55,-35,1014,14
15:58,59.55,-33,1020,17
15:58,59.56,-33,1020,17
15:58,59.56,-35,1017,16
15:58,59.57,-35,1017,16
15:58,59.57,-32,1018,20
15:58,59.57,-32,1018,20
15:58,59.58,-34,1018,23
15:58,59.58,-34,1018,23
15:58,59.58,-34,1019,17
15:58,59.59,-35,1017,16
15:58,59.6,-32,1018,17
15:58,59.61,-33,1016,19
15:58,59.62,-38,1018,16
15:58,59.62,-32,1016,25
15:58,59.63,-33,1017,19
15:58,59.64,-35,1017,16
15:58,59.65,-35,1017,16
15:58,59.65,-32,1017,20
15:58,59.66,-32,1017,20
15:58,59.66,-33,1017,21
15:58,59.67,-33,1017,21
15:58,59.67,-34,1016,19
15:58,59.67,-34,1016,19
15:58,59.67,-31,1017,21
15:58,59.68,-31,1017,21
15:58,59.68,-32,1018,18
15:58,59.69,-32,1018,18
15:58,59.69,-32,1018,14
15:58,59.7,-32,1018,14
15:58,59.7,-33,1018,19
15:58,59.71,-33,1018,19
15:58,59.71,-33,1020,17
15:58,59.71,-33,1020,17
15:58,59.71,-31,1018,19
15:58,59.72,-31,1018,19
15:58,59.73,-38,1015,23
15:58,59.73,-38,1015,23
15:58,59.73,-37,1016,19
15:58,59.74,-37,1016,19
15:58,59.74,-35,1019,19
15:58,59.75,-35,1016,21
15:58,59.76,-32,1016,21
15:58,59.76,-34,1014,19
15:58,59.77,-37,1017,21
15:58,59.78,-38,1016,18
15:58,59.79,-35,1015,15
15:58,59.8,-35,1015,15
15:58,59.8,-33,1016,22
15:58,59.8,-33,1016,22
15:58,59.81,-33,1016,21
15:58,59.81,-33,1016,21
15:58,59.82,-35,1018,20
15:58,59.82,-35,1018,20
15:58,59.82,-37,1018,22
15:58,59.83,-37,1018,22
15:58,59.83,-33,1021,18
15:58,59.84,-33,1021,18
15:58,59.84,-32,1017,19
15:58,59.85,-32,1017,19
15:58,59.85,-35,1018,21
15:58,59.85,-35,1018,21
15:58,59.85,-34,1018,21
15:58,59.86,-34,1018,21
15:58,59.86,-32,1016,15
15:58,59.87,-32,1016,15
15:58,59.87,-31,1017,18
15:58,59.88,-32,1015,16
15:58,59.89,-33,1020,18
15:58,59.89,-35,1018,19
15:58,59.9,-35,1018,16
15:58,59.91,-33,1017,21
15:58,59.92,-33,1017,21
15:58,59.92,-35,1016,19
15:58,59.93,-35,1016,19
15:58,59.93,-37,1017,22
15:58,59.94,-37,1017,22
15:58,59.94,-38,1017,19
15:58,59.94,-38,1017,19
15:58,59.94,-33,1017,18
15:58,59.95,-33,1017,18
15:58,59.95,-33,1016,21
15:58,59.96,-33,1016,21
15:58,59.96,-32,1016,18
15:58,59.97,-32,1016,18
15:58,59.97,-31,1013,19
15:58,59.98,-31,1013,19
15:58,59.98,-35,1014,17
15:58,59.98,-35,1014,17
15:58,59.99,-35,1020,16
15:59,0,-35,1020,16
15:59,0,-35,1018,16
15:59,0,-35,1018,16
15:59,0,-34,1016,17
15:59,0.01,-34,1016,17
15:59,0.01,-32,1018,21
15:59,0.02,-32,1018,21
15:59,0.02,-32,1014,16
15:59,0.03,-32,1014,16
15:59,0.03,-32,1018,19
15:59,0.03,-32,1018,19
15:59,0.03,-32,1015,24
15:59,0.04,-32,1015,24
15:59,0.04,-33,1018,19
15:59,0.05,-33,1018,19
15:59,0.05,-35,1018,19
15:59,0.06,-35,1018,19
15:59,0.06,-34,1018,24
15:59,0.07,-34,1018,24
15:59,0.07,-35,1017,16
15:59,0.08,-35,1017,16
15:59,0.08,-37,1017,16
15:59,0.08,-35,1018,18
15:59,0.09,-32,1019,17
15:59,0.1,-33,1017,20
15:59,0.11,-31,1018,19
15:59,0.12,-35,1016,19
15:59,0.12,-35,1016,19
15:59,0.12,-33,1016,21
15:59,0.13,-33,1016,21
15:59,0.14,-34,1018,21
15:59,0.14,-34,1018,21
15:59,0.14,-30,1018,15
15:59,0.15,-30,1018,15
15:59,0.15,-33,1016,17
15:59,0.16,-33,1016,17
15:59,0.16,-34,1016,19
15:59,0.17,-34,1016,19
15:59,0.17,-35,1015,21
15:59,0.17,-35,1015,21
15:59,0.17,-34,1017,19
15:59,0.18,-34,1017,19
15:59,0.18,-34,1016,17
15:59,0.19,-34,1016,17
15:59,0.19,-35,1017,14
15:59,0.2,-35,1017,14
15:59,0.2,-32,1016,21
15:59,0.21,-32,1016,21
15:59,0.21,-33,1018,15
15:59,0.21,-33,1018,15
15:59,0.22,-33,1018,13
15:59,0.22,-33,1018,13
15:59,0.23,-26,1017,16
15:59,0.23,-26,1017,16
15:59,0.23,-27,1013,20
15:59,0.24,-27,1013,20
15:59,0.24,-50,1012,10
15:59,0.25,-50,1012,10
15:59,0.25,-30,1012,24
15:59,0.26,-32,1017,19
15:59,0.26,-35,1016,19
15:59,0.27,-34,1018,21
15:59,0.28,-42,1015,24
15:59,0.29,-42,1016,24
15:59,0.3,-35,1014,24
15:59,0.3,-31,1019,18
15:59,0.31,-31,1019,18
15:59,0.32,-32,1019,18
15:59,0.32,-32,1019,18
15:59,0.32,-32,1016,19
15:59,0.33,-32,1016,19
15:59,0.33,-31,1014,21
15:59,0.34,-31,1014,21
15:59,0.34,-38,1015,20
15:59,0.35,-38,1015,20
15:59,0.35,-37,1016,22
15:59,0.35,-37,1016,22
15:59,0.35,-35,1019,21
15:59,0.36,-35,1019,21
15:59,0.36,-42,1015,16
15:59,0.37,-42,1015,16
15:59,0.37,-29,1016,12
15:59,0.38,-29,1016,12
15:59,0.38,-26,1021,10
15:59,0.39,-26,1021,10
15:59,0.39,-30,1023,13
15:59,0.39,-30,1023,13
15:59,0.4,-32,1016,19
15:59,0.41,-32,1016,19
15:59,0.41,-29,1021,14
15:59,0.41,-29,1021,14
15:59,0.41,-28,1020,13
15:59,0.42,-28,1020,13
15:59,0.42,-38,1016,22
15:59,0.43,-38,1016,22
15:59,0.43,-36,1018,21
15:59,0.44,-38,1016,26
15:59,0.44,-39,1016,24
15:59,0.45,-38,1014,23
15:59,0.46,-30,1017,19
15:59,0.47,-30,1021,13
15:59,0.48,-30,1021,16
15:59,0.49,-36,1016,23
15:59,0.5,-36,1016,23
15:59,0.5,-37,1013,25
15:59,0.5,-37,1013,25
15:59,0.5,-40,1015,27
15:59,0.51,-40,1015,27
15:59,0.51,-39,1018,19
15:59,0.52,-39,1018,19
15:59,0.52,-32,1014,21
15:59,0.53,-32,1014,21
15:59,0.53,-32,1014,20
15:59,0.53,-32,1014,20
15:59,0.53,-30,1017,18
15:59,0.54,-30,1017,18
15:59,0.55,-31,1013,17
15:59,0.55,-31,1013,17
15:59,0.55,-28,1015,12
15:59,0.56,-28,1015,12
15:59,0.56,-32,1018,13
15:59,0.57,-32,1018,13
15:59,0.57,-35,1018,13
15:59,0.58,-35,1018,13
15:59,0.58,-40,1019,22
15:59,0.58,-40,1019,22
15:59,0.58,-33,1018,17
15:59,0.59,-33,1018,17
15:59,0.59,-30,1016,21
15:59,0.6,-30,1016,21
15:59,0.6,-33,1015,21
15:59,0.61,-33,1015,17
15:59,0.62,-35,1015,20
15:59,0.62,-32,1016,22
15:59,0.63,-33,1015,20
15:59,0.64,-32,1016,20
15:59,0.65,-32,1017,19
15:59,0.66,-32,1017,19
15:59,0.66,-32,1016,11
15:59,0.67,-32,1016,11
15:59,0.67,-32,1017,16
15:59,0.67,-32,1017,16
15:59,0.67,-35,1014,16
15:59,0.68,-35,1014,16
15:59,0.68,-32,1013,21
15:59,0.69,-32,1013,21
15:59,0.69,-35,1016,21
15:59,0.7,-35,1016,21
15:59,0.7,-33,1014,19
15:59,0.71,-33,1014,19
15:59,0.71,-36,1018,16
15:59,0.71,-36,1018,16
15:59,0.72,-33,1016,16
15:59,0.72,-33,1016,16
15:59,0.73,-32,1013,18
15:59,0.73,-32,1013,18
15:59,0.73,-35,1020,19
15:59,0.74,-35,1020,19
15:59,0.74,-35,1018,16
15:59,0.75,-35,1018,16
15:59,0.75,-33,1020,15
15:59,0.76,-33,1020,15
15:59,0.76,-32,1018,19
15:59,0.76,-35,1021,21
15:59,0.77,-32,1021,20
15:59,0.78,-33,1018,19
15:59,0.79,-35,1012,21
15:59,0.8,-32,1016,24
15:59,0.8,-30,1015,24
15:59,0.81,-30,1015,24
15:59,0.82,-33,1018,23
15:59,0.82,-33,1018,23
15:59,0.82,-35,1016,21
15:59,0.83,-35,1016,21
15:59,0.83,-33,1016,24
15:59,0.84,-33,1016,24
15:59,0.84,-35,1016,21
15:59,0.85,-35,1016,21
15:59,0.85,-33,1017,22
15:59,0.85,-33,1017,22
15:59,0.85,-32,1016,24
15:59,0.86,-32,1016,24
15:59,0.86,-34,1017,21
15:59,0.87,-34,1017,21
15:59,0.87,-35,1018,16
15:59,0.88,-35,1018,16
15:59,0.88,-32,1018,20
15:59,0.89,-32,1018,20
15:59,0.89,-33,1015,18
15:59,0.89,-33,1015,18
15:59,0.9,-30,1018,18
15:59,0.91,-30,1018,18
15:59,0.91,-35,1016,19
15:59,0.91,-40,1013,19
15:59,0.92,-35,1013,20
15:59,0.93,-32,1015,20
15:59,0.94,-29,1016,19
15:59,0.94,-34,1015,22
15:59,0.95,-35,1018,17
15:59,0.96,-35,1018,17
15:59,0.96,-35,1016,21
15:59,0.97,-35,1016,21
15:59,0.97,-32,1018,18
15:59,0.98,-32,1018,18
15:59,0.98,-33,1017,19
15:59,0.99,-33,1017,19
15:59,0.99,-35,1015,24
15:59,1,-35,1015,24
15:59,1,-34,1015,19
15:59,1,-34,1015,19
15:59,1,-34,1014,21
15:59,1.01,-34,1014,21
15:59,1.01,-32,1013,17
15:59,1.02,-32,1013,17
15:59,1.02,-34,1017,15
15:59,1.03,-34,1017,15
15:59,1.03,-38,1018,16
15:59,1.03,-38,1018,16
15:59,1.04,-35,1016,19
15:59,1.04,-35,1016,19
15:59,1.05,-36,1017,20
15:59,1.05,-36,1017,20
15:59,1.05,-36,1017,20
15:59,1.06,-36,1017,20
15:59,1.06,-34,1017,24
15:59,1.07,-34,1017,24
15:59,1.07,-37,1015,19
15:59,1.08,-37,1015,19
15:59,1.08,-36,1015,23
15:59,1.08,-36,1015,23
15:59,1.08,-35,1016,19
15:59,1.09,-32,1016,18
15:59,1.1,-32,1020,6
15:59,1.11,-34,1015,25
15:59,1.12,-31,1024,11
15:59,1.12,-38,1016,22
15:59,1.13,-38,1016,22
15:59,1.14,-36,1017,20
15:59,1.14,-36,1017,20
15:59,1.14,-34,1016,23
15:59,1.15,-34,1016,23
15:59,1.15,-33,1012,23
15:59,1.16,-33,1012,23
15:59,1.16,-33,1009,33
15:59,1.17,-33,1009,33
15:59,1.17,-71,1005,18
15:59,1.17,-71,1005,18
15:59,1.17,-6,1021,24
15:59,1.18,-6,1021,24
15:59,1.18,-30,1013,32
15:59,1.19,-30,1013,32
15:59,1.19,-33,1019,19
15:59,1.2,-33,1019,19
15:59,1.2,-37,1014,16
15:59,1.21,-37,1014,16
15:59,1.21,-37,1015,20
15:59,1.21,-37,1015,20
15:59,1.22,-32,1013,22
15:59,1.22,-35,1016,19
15:59,1.23,-33,1016,12
15:59,1.24,-37,1018,16
15:59,1.25,-32,1017,16
15:59,1.26,-33,1018,16
15:59,1.26,-33,1018,16
15:59,1.26,-32,1018,21
15:59,1.27,-32,1018,21
15:59,1.27,-34,1014,20
15:59,1.28,-34,1014,20
15:59,1.28,-35,1017,21
15:59,1.29,-35,1017,21
15:59,1.29,-32,1016,19
15:59,1.3,-32,1016,19
15:59,1.3,-32,1018,20
15:59,1.3,-32,1018,20
15:59,1.31,-38,1017,24
15:59,1.32,-38,1017,24
15:59,1.32,-37,1014,22
15:59,1.32,-37,1014,22
15:59,1.32,-39,1017,20
15:59,1.33,-39,1017,20
15:59,1.33,-37,1017,21
15:59,1.34,-37,1017,21
15:59,1.34,-32,1014,30
15:59,1.35,-32,1014,30
15:59,1.35,-30,1016,28
15:59,1.35,-30,1016,28
15:59,1.35,-34,1014,28
15:59,1.36,-34,1014,28
15:59,1.37,-37,1016,27
15:59,1.37,-37,1016,27
15:59,1.37,-33,1018,21
15:59,1.38,-33,1018,21
15:59,1.38,-30,1018,20
15:59,1.39,-30,1018,20
15:59,1.39,-33,1017,21
15:59,1.4,-35,1020,14
15:59,1.41,-35,1021,13
15:59,1.41,-34,1018,16
15:59,1.42,-34,1016,21
15:59,1.43,-34,1018,16
15:59,1.44,-34,1018,16
15:59,1.44,-32,1024,14
15:59,1.44,-32,1024,14
15:59,1.45,-35,1119,-160
15:59,1.45,-35,1119,-160
15:59,1.46,-2,1084,-5
15:59,1.46,-2,1084,-5
15:59,1.46,-37,988,80
15:59,1.47,-37,988,80
15:59,1.47,-35,1008,41
15:59,1.48,-35,1008,41
15:59,1.48,-38,1020,25
15:59,1.49,-38,1020,25
15:59,1.49,-35,1015,18
15:59,1.5,-32,1016,19
15:59,1.5,-40,1018,21
15:59,1.51,-36,1017,19
15:59,1.52,-32,1013,21
15:59,1.53,-30,1019,24
15:59,1.53,-34,1016,20
15:59,1.54,-34,1016,20
15:59,1.55,-32,1018,24
15:59,1.55,-32,1018,24
15:59,1.55,-32,1018,25
15:59,1.56,-32,1018,25
15:59,1.56,-32,1023,21
15:59,1.57,-32,1023,21
15:59,1.57,-32,1016,28
15:59,1.58,-32,1016,28
15:59,1.58,-35,1014,24
15:59,1.58,-35,1014,24
15:59,1.58,-31,1021,11
15:59,1.59,-31,1021,11
15:59,1.59,-36,1016,24
15:59,1.6,-36,1016,24
15:59,1.6,-32,1008,32
15:59,1.61,-32,1008,32
15:59,1.61,-31,1017,27
15:59,1.62,-31,1017,27
15:59,1.62,-34,1016,23
15:59,1.62,-34,1016,23
15:59,1.63,-35,1026,21
15:59,1.63,-35,1026,21
15:59,1.64,-32,1037,7
15:59,1.64,-32,1037,7
15:59,1.64,-34,1019,25
15:59,1.65,-38,1010,34
15:59,1.66,-34,1009,32
15:59,1.67,-35,1007,38
15:59,1.67,-37,1011,32
15:59,1.68,-33,1014,27
15:59,1.69,-33,1014,27
15:59,1.69,-33,1018,23
15:59,1.7,-33,1018,23
15:59,1.7,-36,1029,12
15:59,1.71,-36,1029,12
15:59,1.71,-38,1026,11
15:59,1.71,-38,1026,11
15:59,1.72,-32,1032,12
15:59,1.73,-32,1032,12
15:59,1.73,-35,1006,57
15:59,1.73,-35,1006,57
15:59,1.73,-36,998,48
15:59,1.74,-36,998,48
15:59,1.74,-31,1006,51
15:59,1.75,-31,1006,51
15:59,1.75,-31,1018,46
15:59,1.76,-31,1018,46
15:59,1.76,-38,1018,61
15:59,1.76,-38,1018,61
15:59,1.76,-30,1022,70
15:59,1.77,-38,1018,89
15:59,1.78,-35,1016,109
15:59,1.79,-38,1017,125
15:59,1.8,-38,1019,142
15:59,1.81,-42,1022,155
15:59,1.82,-42,1022,155
15:59,1.82,-40,1024,175
15:59,1.82,-40,1024,175
15:59,1.82,-38,1015,189
15:59,1.83,-38,1015,189
15:59,1.83,-43,1037,202
15:59,1.84,-43,1037,202
15:59,1.84,-52,1010,228
15:59,1.85,-52,1010,228
15:59,1.85,-30,1012,232
15:59,1.85,-30,1012,232
15:59,1.86,-44,1018,240
15:59,1.86,-44,1018,240
15:59,1.87,-29,1021,232
15:59,1.87,-29,1021,232
15:59,1.87,-53,1041,235
15:59,1.88,-53,1041,235
15:59,1.88,-29,1022,256
15:59,1.89,-29,1022,256
15:59,1.89,-25,1037,267
15:59,1.9,-60,997,264
15:59,1.91,-46,995,221
15:59,1.91,-21,1003,212
15:59,1.92,-32,1032,171
15:59,1.93,-53,1064,190
15:59,1.94,-53,1064,190
15:59,1.94,-43,1057,229
15:59,1.94,-43,1057,229
15:59,1.95,-35,1006,207
15:59,1.95,-35,1006,207
15:59,1.96,-38,995,223
15:59,1.96,-38,995,223
15:59,1.96,-37,968,180
15:59,1.97,-37,968,180
15:59,1.97,-63,999,187
15:59,1.98,-63,999,187
15:59,1.98,-54,1013,169
15:59,1.99,-54,1013,169
15:59,1.99,-24,987,183
15:59,2,-24,987,183
15:59,2,0,980,172
15:59,2,0,980,172
15:59,2,-68,1074,154
15:59,2.01,-68,1074,154
15:59,2.01,-47,791,286
15:59,2.02,-47,791,286
15:59,2.02,32,913,174
15:59,2.03,32,913,174
15:59,2.03,5,914,218
15:59,2.03,-70,1144,203
15:59,2.04,-88,1064,222
15:59,2.05,-42,921,172
15:59,2.06,-61,1052,184
15:59,2.07,-31,938,185
15:59,2.08,-42,981,177
15:59,2.08,-42,981,177
15:59,2.08,35,1054,119
15:59,2.09,35,1054,119
15:59,2.09,30,893,141
15:59,2.1,30,893,141
15:59,2.1,-59,1144,82
15:59,2.11,-59,1144,82
15:59,2.11,-84,1056,124
15:59,2.12,-84,1056,124
15:59,2.12,-36,965,133
15:59,2.12,-36,965,133
15:59,2.13,6,941,103
15:59,2.14,6,941,103
15:59,2.14,-32,1005,133
15:59,2.14,-32,1005,133
15:59,2.14,-16,1012,49
15:59,2.15,-16,1012,49
15:59,2.15,-27,1119,-2
15:59,2.16,-27,1119,-2
15:59,2.16,-11,848,65
15:59,2.17,-55,1220,-20
15:59,2.17,-16,857,46
15:59,2.18,-68,1185,-9
15:59,2.19,-46,853,20
15:59,2.2,-80,1251,-23
15:59,2.21,-80,1251,-23
15:59,2.21,-43,871,42
15:59,2.22,-43,871,42
15:59,2.22,-44,1110,-8
15:59,2.23,-44,1110,-8
15:59,2.23,-25,939,5
15:59,2.23,-25,939,5
15:59,2.23,-26,962,60
15:59,2.24,-26,962,60
15:59,2.24,-21,1058,-48
15:59,2.25,-21,1058,-48
15:59,2.25,-10,979,-57
15:59,2.26,-10,979,-57
15:59,2.26,-30,1018,-41
15:59,2.26,-30,1018,-41
15:59,2.27,-47,1051,-57
15:59,2.27,-47,1051,-57
15:59,2.28,-16,1010,-30
15:59,2.28,-16,1010,-30
15:59,2.28,-18,973,-51
15:59,2.29,-18,973,-51
15:59,2.29,-41,1106,-91
15:59,2.3,-33,1014,-82
15:59,2.31,-37,1095,-96
15:59,2.32,-41,975,-78
15:59,2.32,-46,1059,-110
15:59,2.33,-54,991,-92
15:59,2.34,-54,991,-92
15:59,2.34,-27,1043,-103
15:59,2.35,-27,1043,-103
15:59,2.35,0,1067,-103
15:59,2.35,0,1067,-103
15:59,2.36,-1,1018,-117
15:59,2.36,-1,1018,-117
15:59,2.37,-32,992,-120
15:59,2.37,-32,992,-120
15:59,2.37,-29,944,-103
15:59,2.38,-29,944,-103
15:59,2.38,-28,1003,-98
15:59,2.39,-28,1003,-98
15:59,2.39,-21,1085,-102
15:59,2.4,-21,1085,-102
15:59,2.4,-27,1040,-91
15:59,2.41,-27,1040,-91
15:59,2.41,-18,970,-72
15:59,2.41,-18,970,-72
15:59,2.41,-47,1063,-97
15:59,2.42,-47,1063,-97
15:59,2.42,-19,930,-52
15:59,2.43,-19,930,-52
15:59,2.43,-70,1042,-62
15:59,2.44,-70,1042,-62
15:59,2.44,-43,1048,-61
15:59,2.44,-43,1048,-61
15:59,2.45,-19,1066,-77
15:59,2.45,-5,1000,-53
15:59,2.46,-5,999,-55
15:59,2.47,-40,1051,-54
15:59,2.48,-57,1033,-39
15:59,2.49,-51,970,-6
15:59,2.5,-49,1008,-17
15:59,2.5,-49,1008,-17
15:59,2.5,-33,1011,-24
15:59,2.51,-33,1011,-24
15:59,2.51,-23,1046,-15
15:59,2.52,-23,1046,-15
15:59,2.52,-16,1033,-21
15:59,2.53,-16,1033,-21
15:59,2.53,2,980,1
15:59,2.53,-19,1044,-17
15:59,2.55,-21,1013,-7
15:59,2.55,-62,1046,-2
15:59,2.56,-49,972,15
15:59,2.57,-74,1011,14
15:59,2.58,-39,952,23
15:59,2.58,-39,952,23
15:59,2.58,-32,1034,21
15:59,2.59,-32,1034,21
15:59,2.6,-21,1082,16
15:59,2.6,-21,1082,16
15:59,2.6,-1,1021,35
15:59,2.61,-1,1021,35
15:59,2.61,-2,1025,38
15:59,2.62,-2,1025,38
15:59,2.62,1,999,32
15:59,2.63,1,999,32
15:59,2.63,0,980,49
15:59,2.64,0,980,49
15:59,2.64,-33,1056,29
15:59,2.64,-33,1056,29
15:59,2.64,-16,978,44
15:59,2.65,-16,978,44
15:59,2.65,-42,996,54
15:59,2.66,-46,1032,24
15:59,2.67,-54,1062,38
15:59,2.67,-53,1022,46
15:59,2.68,-45,1013,30
15:59,2.69,-54,1029,25
15:59,2.7,-54,1029,25
15:59,2.7,-32,1009,32
15:59,2.71,-32,1009,32
15:59,2.71,-46,1059,30
15:59,2.72,-46,1059,30
15:59,2.72,-15,1023,32
15:59,2.73,-15,1023,32
15:59,2.73,-19,990,53
15:59,2.73,-19,990,53
15:59,2.73,-24,1011,33
15:59,2.74,-24,1011,33
15:59,2.74,0,993,31
15:59,2.75,0,993,31
15:59,2.75,-13,1045,35
15:59,2.76,-13,1045,35
15:59,2.76,-3,1032,26
15:59,2.76,-13,1041,22
15:59,2.77,-17,1005,16
15:59,2.78,-21,982,21
15:59,2.79,-45,1007,10
15:59,2.8,-43,986,27
15:59,2.81,-39,1000,32
15:59,2.82,-39,1000,32
15:59,2.82,-38,1037,17
15:59,2.82,-38,1037,17
15:59,2.82,-16,963,35
15:59,2.83,-16,963,35
15:59,2.83,-45,1032,12
15:59,2.84,-45,1032,12
15:59,2.84,-30,1021,6
15:59,2.85,-30,1021,6
15:59,2.85,-14,994,1
15:59,2.85,-14,994,1
15:59,2.86,-33,1066,0
15:59,2.86,-33,1066,0
15:59,2.87,-7,1030,-8
15:59,2.87,-7,1030,-8
15:59,2.87,-16,987,4
15:59,2.88,-16,987,4
15:59,2.88,-35,1035,5
15:59,2.89,-19,958,2
15:59,2.9,-18,984,10
15:59,2.91,-35,1021,19
15:59,2.91,-41,1065,21
15:59,2.92,-44,1070,35
15:59,2.93,-43,1058,35
15:59,2.94,-43,1058,35
15:59,2.94,-19,1019,42
15:59,2.94,-19,1019,42
15:59,2.95,-38,998,54
15:59,2.96,-38,998,54
15:59,2.96,-23,995,33
15:59,2.96,-23,995,33
15:59,2.96,-27,990,42
15:59,2.97,-27,990,42
15:59,2.97,-32,988,44
15:59,2.98,-32,988,44
15:59,2.98,-37,999,40
15:59,2.99,-37,999,40
15:59,2.99,-30,996,30
15:59,3,-30,996,30
15:59,3,-62,1029,43
15:59,3,-62,1029,43
15:59,3.01,-59,1055,21
15:59,3.01,-59,1055,21
15:59,3.01,-84,1067,6
15:59,3.02,-84,1067,6
15:59,3.02,-1738,386,-1399
15:59,3.03,-1738,386,-1399
15:59,3.03,-500,-145,-1035
15:59,3.04,-500,-145,-1035
15:59,3.04,-879,1470,17
15:59,3.05,-879,1470,17
15:59,3.05,766,1380,-1881
15:59,3.05,2305,978,627
15:59,3.06,165,1958,584
15:59,3.07,363,1518,-174
15:59,3.08,391,48,229
15:59,3.08,126,1281,-19
15:59,3.09,126,1281,-19
15:59,3.1,-78,1390,120
15:59,3.1,-78,1390,120
15:59,3.1,262,584,-10
15:59,3.11,262,584,-10
15:59,3.11,199,783,-5
15:59,3.12,199,783,-5
15:59,3.12,-335,1417,-16
15:59,3.13,-335,1417,-16
15:59,3.13,-364,1071,2
15:59,3.14,-364,1071,2
15:59,3.14,71,766,214
15:59,3.14,71,766,214
15:59,3.14,293,1064,-171
15:59,3.15,293,1064,-171
15:59,3.15,157,1092,81
15:59,3.16,78,956,11
15:59,3.17,120,998,21
15:59,3.17,16,1087,8
15:59,3.18,30,1049,8
15:59,3.19,30,1049,8
15:59,3.19,20,1048,28
15:59,3.2,20,1048,28
15:59,3.2,-11,1030,33
15:59,3.21,-11,1030,33
15:59,3.21,35,980,16
15:59,3.22,35,980,16
15:59,3.22,74,945,31
15:59,3.23,74,945,31
15:59,3.23,56,996,69
15:59,3.23,56,996,69
15:59,3.23,27,1051,30
15:59,3.24,27,1051,30
15:59,3.24,84,1045,15
15:59,3.25,84,1045,15
15:59,3.25,70,1074,21
15:59,3.26,70,1074,21
15:59,3.26,25,1071,32
15:59,3.26,25,1071,32
15:59,3.27,46,1016,23
15:59,3.27,61,958,39
15:59,3.28,51,967,42
15:59,3.29,30,961,43
15:59,3.3,49,978,35
15:59,3.31,61,1035,27
15:59,3.32,48,1054,29
15:59,3.32,48,1054,29
15:59,3.32,40,1060,25
15:59,3.33,40,1060,25
15:59,3.33,44,1056,21
15:59,3.34,44,1056,21
15:59,3.34,60,1016,24
15:59,3.35,60,1016,24
15:59,3.35,46,975,35
15:59,3.35,46,975,35
15:59,3.36,38,973,39
15:59,3.37,38,973,39
15:59,3.37,56,973,31
15:59,3.37,56,973,31
15:59,3.37,62,987,36
15:59,3.38,62,987,36
15:59,3.38,48,1039,32
15:59,3.39,48,1039,32
15:59,3.39,43,1052,34
15:59,3.4,60,1053,15
15:59,3.41,52,1036,15
15:59,3.41,38,1009,28
15:59,3.42,42,979,28
15:59,3.43,51,970,39
15:59,3.44,51,970,39
15:59,3.44,54,985,43
15:59,3.45,54,985,43
15:59,3.45,51,1012,35
15:59,3.46,51,1012,35
15:59,3.46,55,1043,28
15:59,3.46,55,1043,28
15:59,3.46,52,1057,17
15:59,3.47,52,1057,17
15:59,3.47,46,1049,14
15:59,3.48,46,1049,14
15:59,3.48,49,1028,19
15:59,3.49,49,1028,19
15:59,3.49,52,998,35
15:59,3.5,52,998,35
15:59,3.5,50,984,40
15:59,3.5,50,984,40
15:59,3.51,51,977,40
15:59,3.51,51,977,40
15:59,3.51,51,988,37
15:59,3.52,51,988,37
15:59,3.52,51,1007,30
15:59,3.53,51,1007,30
15:59,3.53,50,1030,30
15:59,3.54,50,1030,30
15:59,3.54,51,1041,24
15:59,3.55,51,1041,24
15:59,3.55,51,1038,26
15:59,3.55,51,1038,26
15:59,3.55,51,1030,23
15:59,3.56,51,1030,23
15:59,3.56,51,1012,31
15:59,3.57,46,994,36
15:59,3.58,48,983,35
15:59,3.58,47,991,35
15:59,3.59,49,1009,35
15:59,3.6,47,1029,26
15:59,3.61,47,1029,26
15:59,3.61,52,1039,24
15:59,3.62,52,1039,24
15:59,3.62,50,1040,22
15:59,3.63,50,1040,22
15:59,3.63,49,1026,30
15:59,3.64,49,1026,30
15:59,3.64,49,1012,30
15:59,3.64,49,1012,30
15:59,3.64,46,996,35
15:59,3.65,46,996,35
15:59,3.65,47,992,34
15:59,3.66,47,992,34
15:59,3.66,51,1001,34
15:59,3.67,51,1001,34
15:59,3.67,53,1012,32
15:59,3.67,53,1012,32
15:59,3.68,49,1026,28
15:59,3.68,49,1026,28
15:59,3.69,49,1032,26
15:59,3.69,49,1032,26
15:59,3.69,53,1028,27
15:59,3.7,53,1028,27
15:59,3.7,51,1019,32
15:59,3.71,50,1002,33
15:59,3.72,45,994,33
15:59,3.73,51,994,36
15:59,3.73,53,997,35
15:59,3.74,50,1019,30
15:59,3.75,51,1030,28
15:59,3.76,51,1030,28
15:59,3.76,48,1035,25
15:59,3.76,48,1035,25
15:59,3.77,50,1031,30
15:59,3.78,50,1031,30
15:59,3.78,46,1018,30
15:59,3.78,46,1018,30
15:59,3.78,45,1002,32
15:59,3.79,45,1002,32
15:59,3.79,50,993,35
15:59,3.8,50,993,35
15:59,3.8,50,990,35
15:59,3.81,50,990,35
15:59,3.81,51,1002,33
15:59,3.82,51,1002,33
15:59,3.82,52,1012,30
15:59,3.82,52,1012,30
15:59,3.83,51,1026,27
15:59,3.83,51,1026,27
15:59,3.83,57,1030,30
15:59,3.84,57,1030,30
15:59,3.84,47,1027,29
15:59,3.85,47,1027,29
15:59,3.85,49,1015,31
15:59,3.86,49,1015,31
15:59,3.86,52,1006,32
15:59,3.87,52,1006,32
15:59,3.87,49,1001,33
15:59,3.87,49,999,34
15:59,3.88,50,1006,33
15:59,3.89,51,1016,32
15:59,3.9,51,1026,27
15:59,3.91,54,1026,27
15:59,3.91,51,1017,32
15:59,3.92,51,1017,32
15:59,3.92,49,1014,30
15:59,3.93,49,1014,30
15:59,3.93,48,1007,32
15:59,3.94,48,1007,32
15:59,3.94,50,1005,32
15:59,3.95,50,1005,32
15:59,3.95,54,1005,32
15:59,3.96,54,1005,32
15:59,3.96,54,1007,35
15:59,3.96,54,1007,35
15:59,3.96,50,1015,31
15:59,3.97,50,1015,31
15:59,3.97,52,1020,29
15:59,3.98,52,1020,29
15:59,3.98,52,1021,33
15:59,3.99,52,1021,33
15:59,3.99,50,1016,33
15:59,4,50,1016,33
15:59,4,49,1010,35
15:59,4,49,1010,35
15:59,4.01,49,1005,34
15:59,4.01,47,1000,32
15:59,4.02,49,1003,32
15:59,4.03,51,1010,34
15:59,4.04,49,1019,31
15:59,4.05,53,1024,30
15:59,4.05,52,1029,27
15:59,4.06,52,1029,27
15:59,4.06,53,1026,26
15:59,4.07,53,1026,26
15:59,4.07,50,1016,26
15:59,4.08,50,1016,26
15:59,4.08,51,1009,30
15:59,4.08,51,1009,30
15:59,4.09,51,1002,30
15:59,4.09,51,1002,30
15:59,4.1,49,1002,34
15:59,4.1,49,1002,34
15:59,4.1,51,1002,30
15:59,4.11,51,1002,30
15:59,4.11,51,1011,32
15:59,4.12,51,1011,32
15:59,4.12,53,1021,30
15:59,4.13,53,1021,30
15:59,4.13,51,1021,26
15:59,4.14,51,1021,26
15:59,4.14,52,1020,27
15:59,4.14,52,1020,27
15:59,4.14,51,1016,27
15:59,4.15,51,1016,27
15:59,4.16,50,1010,32
15:59,4.16,49,1008,32
15:59,4.17,52,1007,30
15:59,4.17,50,1010,32
15:59,4.19,52,1013,29
15:59,4.19,54,1017,29
15:59,4.2,54,1017,29
15:59,4.2,48,1018,29
15:59,4.21,48,1018,29
15:59,4.21,51,1016,29
15:59,4.22,51,1016,29
15:59,4.22,51,1014,30
15:59,4.23,51,1014,30
15:59,4.23,49,1014,27
15:59,4.23,49,1014,27
15:59,4.24,50,1012,31
15:59,4.24,50,1012,31
15:59,4.25,49,1010,31
15:59,4.25,49,1010,31
15:59,4.25,51,1015,35
15:59,4.26,51,1015,35
15:59,4.26,51,1020,32
15:59,4.27,51,1020,32
15:59,4.27,51,1021,25
15:59,4.28,51,1021,25
15:59,4.28,47,1017,27
15:59,4.28,47,1017,27
15:59,4.28,53,1011,32
15:59,4.29,53,1011,32
15:59,4.29,51,1007,31
15:59,4.3,51,1007,31
15:59,4.3,50,1005,30
15:59,4.31,50,1005,30
15:59,4.31,49,1005,32
15:59,4.32,49,1005,32
15:59,4.32,51,1013,35
15:59,4.32,51,1013,35
15:59,4.33,54,1016,32
15:59,4.33,54,1016,32
15:59,4.33,49,1021,32
15:59,4.34,49,1025,28
15:59,4.35,49,1021,32
15:59,4.36,52,1014,31
15:59,4.37,49,1011,32
15:59,4.37,53,1006,30
15:59,4.38,51,1008,32
15:59,4.39,51,1008,32
15:59,4.39,54,1009,33
15:59,4.4,54,1009,33
15:59,4.4,51,1016,32
15:59,4.41,51,1016,32
15:59,4.41,52,1016,32
15:59,4.41,52,1016,32
15:59,4.42,49,1015,31
15:59,4.42,49,1015,31
15:59,4.42,52,1014,30
15:59,4.43,52,1014,30
15:59,4.43,50,1017,30
15:59,4.44,50,1017,30
15:59,4.44,50,1014,32
15:59,4.45,50,1014,32
15:59,4.45,52,1014,35
15:59,4.46,52,1014,35
15:59,4.46,50,1013,30
15:59,4.46,51,1013,30
15:59,4.47,50,1010,28
15:59,4.48,52,1013,32
15:59,4.49,51,1010,31
15:59,4.5,51,1012,31
15:59,4.5,52,1016,32
15:59,4.51,52,1016,32
15:59,4.51,47,1018,31
15:59,4.52,47,1018,31
15:59,4.52,50,1020,30
15:59,4.53,50,1020,30
15:59,4.53,48,1021,31
15:59,4.54,48,1021,31
15:59,4.54,51,1017,32
15:59,4.55,51,1017,32
15:59,4.55,50,1007,32
15:59,4.55,50,1007,32
15:59,4.55,47,1000,35
15:59,4.56,47,1000,35
15:59,4.57,48,999,30
15:59,4.57,48,999,30
15:59,4.57,51,1002,35
15:59,4.58,51,1002,35
15:59,4.58,51,1010,32
15:59,4.58,51,1010,32
15:59,4.59,55,1018,32
15:59,4.6,55,1018,32
15:59,4.6,49,1023,28
15:59,4.6,49,1023,28
15:59,4.6,51,1027,21
15:59,4.61,51,1027,21
15:59,4.61,48,1021,27
15:59,4.62,48,1021,27
15:59,4.62,49,1010,32
15:59,4.63,49,1010,32
15:59,4.63,49,1005,32
15:59,4.64,49,1005,32
15:59,4.64,50,1010,30
15:59,4.64,50,1010,30
15:59,4.65,50,1010,31
15:59,4.65,50,1010,31
15:59,4.66,51,1016,31
15:59,4.66,54,1022,27
15:59,4.67,51,1021,32
15:59,4.68,48,1018,32
15:59,4.69,51,1013,35
15:59,4.69,46,1007,32
15:59,4.7,50,1011,34
15:59,4.71,51,1011,32
15:59,4.72,51,1011,32
15:59,4.72,54,1012,31
15:59,4.73,54,1012,31
15:59,4.73,57,1013,32
15:59,4.73,57,1013,32
15:59,4.74,54,1018,28
15:59,4.74,54,1018,28
15:59,4.75,59,1018,23
15:59,4.75,59,1018,23
15:59,4.75,72,1018,17
15:59,4.76,72,1018,17
15:59,4.76,84,1008,7
15:59,4.77,84,1008,7
15:59,4.77,105,1003,2
15:59,4.78,105,1003,2
15:59,4.78,113,1005,0
15:59,4.78,113,1005,0
15:59,4.78,109,1009,0
15:59,4.79,109,1009,0
15:59,4.79,96,1015,1
15:59,4.8,86,1018,-7
15:59,4.81,98,1012,-17
15:59,4.82,93,1003,-12
15:59,4.82,98,1003,-14
15:59,4.83,95,1026,2
15:59,4.84,71,1030,0
15:59,4.85,71,1030,0
15:59,4.85,71,1008,21
15:59,4.86,71,1008,21
15:59,4.86,37,1021,12
15:59,4.87,37,1021,12
15:59,4.87,2,1008,26
15:59,4.87,2,1008,26
15:59,4.87,-10,994,22
15:59,4.88,-10,994,22
15:59,4.88,-27,987,27
15:59,4.89,-27,987,27
15:59,4.89,-32,991,24
15:59,4.9,-32,991,24
15:59,4.9,-21,1006,19
15:59,4.91,-21,1006,19
15:59,4.91,-7,1016,20
15:59,4.91,-7,1016,20
15:59,4.92,-1,1024,16
15:59,4.92,-1,1024,16
15:59,4.92,3,1029,7
15:59,4.93,3,1029,7
15:59,4.93,10,1018,4
15:59,4.94,4,1014,-7
15:59,4.95,9,1017,-13
15:59,4.96,28,1012,-19
15:59,4.96,36,1021,-34
15:59,4.97,38,1023,-51
15:59,4.98,50,1018,-43
15:59,4.99,79,1017,-43
15:59,5,79,1017,-43
15:59,5,83,1032,-51
15:59,5.01,83,1032,-51
15:59,5.01,84,1034,-60
15:59,5.01,84,1034,-60
15:59,5.01,95,1024,-54
15:59,5.02,95,1024,-54
15:59,5.02,87,1027,-65
15:59,5.03,87,1027,-65
15:59,5.03,80,998,-76
15:59,5.04,80,998,-76
15:59,5.04,83,977,-95
15:59,5.05,83,977,-95
15:59,5.05,69,988,-68
15:59,5.05,69,988,-68
15:59,5.06,61,1010,-76
15:59,5.06,61,1010,-76
15:59,5.07,40,1037,-44
15:59,5.07,40,1037,-44
15:59,5.07,19,1076,-48
15:59,5.08,19,1076,-48
15:59,5.08,9,1054,-54
15:59,5.09,9,1054,-54
15:59,5.09,16,1036,-52
15:59,5.1,16,1036,-52
15:59,5.1,24,993,-68
15:59,5.1,24,993,-68
15:59,5.1,30,977,-54
15:59,5.11,30,977,-54
15:59,5.11,52,981,-60
15:59,5.12,52,981,-60
15:59,5.12,46,1065,-53
15:59,5.13,46,1065,-53
15:59,5.13,60,1092,-75
15:59,5.14,60,1092,-75
15:59,5.14,62,1031,-70
15:59,5.14,62,1031,-70
15:59,5.15,66,959,-70
15:59,5.15,66,959,-70
15:59,5.16,57,955,-50
15:59,5.16,57,955,-50
15:59,5.16,59,968,-79
15:59,5.17,59,968,-79
15:59,5.17,67,994,-67
15:59,5.18,67,994,-67
15:59,5.18,68,1092,-65
15:59,5.19,68,1092,-65
15:59,5.19,92,1022,-54
15:59,5.19,92,1022,-54
15:59,5.19,59,1067,-76
15:59,5.2,59,1067,-76
15:59,5.2,43,1022,-93
15:59,5.21,43,1022,-93
15:59,5.21,82,896,-76
15:59,5.22,82,896,-76
15:59,5.22,68,963,-71
15:59,5.23,68,963,-71
15:59,5.23,69,961,-57
15:59,5.23,69,961,-57
15:59,5.24,72,1025,-59
15:59,5.24,72,1025,-59
15:59,5.25,40,1087,-54
15:59,5.25,38,1081,-60
15:59,5.26,13,1019,-49
15:59,5.27,2,948,-16
15:59,5.28,22,973,-12
15:59,5.28,39,1087,-28
15:59,5.29,40,1091,-38
15:59,5.3,40,1070,-28
15:59,5.31,40,1070,-28
15:59,5.31,48,1002,-65
15:59,5.32,48,1002,-65
15:59,5.32,62,923,-46
15:59,5.32,62,923,-46
15:59,5.33,44,961,-21
15:59,5.33,44,961,-21
15:59,5.33,68,1073,-43
15:59,5.34,68,1073,-43
15:59,5.34,73,1125,-62
15:59,5.35,73,1125,-62
15:59,5.35,66,983,-69
15:59,5.36,66,983,-69
15:59,5.36,85,880,-49
15:59,5.37,85,880,-49
15:59,5.37,93,975,-27
15:59,5.37,93,975,-27
15:59,5.37,96,1052,-14
15:59,5.38,96,1052,-14
15:59,5.38,46,1147,-34
15:59,5.39,46,1147,-34
15:59,5.39,57,972,-8
15:59,5.4,57,972,-8
15:59,5.4,-27,890,39
15:59,5.41,-27,890,39
15:59,5.41,3,1006,35
15:59,5.42,3,1006,35
15:59,5.42,20,1161,-8
15:59,5.42,20,1161,-8
15:59,5.42,20,1066,-19
15:59,5.43,20,1066,-19
15:59,5.43,82,960,-5
15:59,5.44,82,960,-5
15:59,5.44,30,980,-7
15:59,5.45,30,980,-7
15:59,5.45,106,964,3
15:59,5.46,106,964,3
15:59,5.46,79,1066,-8
15:59,5.46,79,1066,-8
15:59,5.47,68,1026,1
15:59,5.47,30,958,31
15:59,5.48,5,933,13
15:59,5.49,70,1049,-2
15:59,5.5,75,1092,-30
15:59,5.51,97,949,-6
15:59,5.51,51,959,-4
15:59,5.52,22,1129,0
15:59,5.53,22,1129,0
15:59,5.53,5,992,35
15:59,5.54,5,992,35
15:59,5.54,55,1052,8
15:59,5.55,55,1052,8
15:59,5.55,45,1004,6
15:59,5.55,45,1004,6
15:59,5.56,8,1041,31
15:59,5.56,8,1041,31
15:59,5.57,38,938,67
15:59,5.57,38,938,67
15:59,5.57,73,1055,38
15:59,5.58,73,1055,38
15:59,5.58,87,930,57
15:59,5.59,87,930,57
15:59,5.59,44,1020,57
15:59,5.6,44,1020,57
15:59,5.6,19,1038,27
15:59,5.6,19,1038,27
15:59,5.6,43,996,81
15:59,5.61,43,996,81
15:59,5.61,46,931,41
15:59,5.62,46,931,41
15:59,5.62,88,1059,40
15:59,5.63,88,1059,40
15:59,5.63,49,970,40
15:59,5.64,49,970,40
15:59,5.64,16,1047,78
15:59,5.64,16,1047,78
15:59,5.65,30,1036,59
15:59,5.65,30,1036,59
15:59,5.66,54,993,93
15:59,5.66,54,993,93
15:59,5.66,65,1060,77
15:59,5.67,65,1060,77
15:59,5.67,45,866,139
15:59,5.68,45,866,139
15:59,5.68,40,1136,107
15:59,5.69,58,822,144
15:59,5.69,79,1057,92
15:59,5.7,65,1021,106
15:59,5.71,39,1007,103
15:59,5.72,0,1018,109
15:59,5.73,21,1100,92
15:59,5.73,21,1100,92
15:59,5.74,79,1013,106
15:59,5.75,79,1013,106
15:59,5.75,34,1021,124
15:59,5.75,34,1021,124
15:59,5.75,21,1051,125
15:59,5.76,21,1051,125
15:59,5.76,38,974,108
15:59,5.77,38,974,108
15:59,5.77,57,986,120
15:59,5.78,57,986,120
15:59,5.78,40,1015,174
15:59,5.78,40,1015,174
15:59,5.78,32,996,140
15:59,5.79,32,996,140
15:59,5.79,35,1016,157
15:59,5.8,35,1016,157
15:59,5.8,38,1010,165
15:59,5.81,38,1010,165
15:59,5.81,59,983,111
15:59,5.82,59,983,111
15:59,5.82,91,1030,76
15:59,5.83,91,1030,76
15:59,5.83,87,1035,110
15:59,5.83,87,1035,110
15:59,5.83,60,1018,114
15:59,5.84,60,1018,114
15:59,5.84,30,1058,108
15:59,5.85,30,1058,108
15:59,5.85,33,1027,138
15:59,5.86,33,1027,138
15:59,5.86,46,909,146
15:59,5.87,46,909,146
15:59,5.87,27,844,87
15:59,5.87,27,844,87
15:59,5.88,76,1045,21
15:59,5.88,10,1022,138
15:59,5.89,82,1007,100
15:59,5.9,60,1026,118
15:59,5.91,56,1007,142
15:59,5.92,16,999,149
15:59,5.92,19,1010,154
15:59,5.93,19,1010,154
15:59,5.93,44,961,138
15:59,5.94,44,961,138
15:59,5.94,74,1029,106
15:59,5.95,74,1029,106
15:59,5.95,40,1026,120
15:59,5.96,40,1026,120
15:59,5.96,24,1043,127
15:59,5.96,24,1043,127
15:59,5.97,51,991,143
15:59,5.97,51,991,143
15:59,5.98,49,1044,149
15:59,5.98,49,1044,149
15:59,5.98,36,987,167
15:59,5.99,36,987,167
15:59,5.99,28,1006,155
15:59,6,28,1006,155
15:59,6,56,1035,113
15:59,6.01,56,1035,113
15:59,6.01,57,1046,113
15:59,6.01,57,1046,113
15:59,6.01,40,1062,145
15:59,6.02,40,1062,145
15:59,6.02,27,1005,155
15:59,6.03,27,1005,155
15:59,6.03,46,985,146
15:59,6.04,46,985,146
15:59,6.04,69,1000,98
15:59,6.05,69,1000,98
15:59,6.05,51,1013,98
15:59,6.05,51,1013,98
15:59,6.06,21,1035,111
15:59,6.06,21,1035,111
15:59,6.07,44,1031,116
15:59,6.07,44,1031,116
15:59,6.07,62,1016,105
15:59,6.08,-65,1097,412
15:59,6.09,270,1136,600
15:59,6.1,-230,832,668
15:59,6.1,483,821,-256
15:59,6.11,-435,1225,-84
15:59,6.12,162,1078,-75
15:59,6.13,162,1078,-75
15:59,6.13,62,1104,-82
15:59,6.14,62,1104,-82
15:59,6.14,60,1026,0
15:59,6.14,60,1026,0
15:59,6.15,34,991,79
15:59,6.16,34,991,79
15:59,6.16,45,1000,75
15:59,6.16,45,1000,75
15:59,6.16,15,1011,37
15:59,6.17,15,1011,37
15:59,6.17,46,1012,21
15:59,6.18,46,1012,21
15:59,6.18,67,1029,2
15:59,6.19,67,1029,2
15:59,6.19,55,1024,5
15:59,6.19,55,1024,5
15:59,6.19,28,1024,20
15:59,6.2,28,1024,20
15:59,6.2,46,998,57
15:59,6.21,46,998,57
15:59,6.21,38,1006,60
15:59,6.22,38,1006,60
15:59,6.22,44,1008,46
15:59,6.23,44,1008,46
15:59,6.23,47,1016,21
15:59,6.24,47,1016,21
15:59,6.24,57,1019,19
15:59,6.25,57,1019,19
15:59,6.25,48,1014,26
15:59,6.25,48,1014,26
15:59,6.25,43,1011,33
15:59,6.26,43,1011,33
15:59,6.26,41,1005,43
15:59,6.27,41,1005,43
15:59,6.27,46,1010,40
15:59,6.28,46,1010,40
15:59,6.28,47,1015,27
15:59,6.28,47,1015,27
15:59,6.28,48,1017,27
15:59,6.29,48,1017,27
15:59,6.3,46,1016,23
15:59,6.3,50,1016,26
15:59,6.31,45,1013,36
15:59,6.32,45,1013,34
15:59,6.33,50,1013,27
15:59,6.33,46,1019,27
15:59,6.34,43,1016,26
15:59,6.35,47,1011,32
15:59,6.36,47,1011,32
15:59,6.36,46,1013,30
15:59,6.37,46,1013,30
15:59,6.37,48,1015,28
15:59,6.37,48,1015,28
15:59,6.38,45,1016,27
15:59,6.38,45,1016,27
15:59,6.39,51,1013,33
15:59,6.39,51,1013,33
15:59,6.39,46,1013,31
15:59,6.4,46,1013,31
15:59,6.4,46,1010,36
15:59,6.41,46,1010,36
15:59,6.41,47,1012,34
15:59,6.42,47,1012,34
15:59,6.42,45,1016,34
15:59,6.42,45,1016,34
15:59,6.42,48,1016,27
15:59,6.43,48,1016,27
15:59,6.43,44,1015,30
15:59,6.44,44,1015,30
15:59,6.44,41,1015,32
15:59,6.45,41,1015,32
15:59,6.45,40,1014,34
15:59,6.46,40,1014,34
15:59,6.46,48,1013,30
15:59,6.46,48,1013,30
15:59,6.47,45,1014,27
15:59,6.47,45,1014,27
15:59,6.48,46,1013,26
15:59,6.48,46,1013,26
15:59,6.48,44,1014,30
15:59,6.49,44,1014,30
15:59,6.49,43,1017,32
15:59,6.5,43,1017,32
15:59,6.5,48,1017,34
15:59,6.51,48,1017,34
15:59,6.51,47,1011,32
15:59,6.51,47,1011,32
15:59,6.51,49,1016,26
15:59,6.52,49,1016,26
15:59,6.52,46,1018,31
15:59,6.53,46,1018,31
15:59,6.53,43,1014,35
15:59,6.54,43,1014,35
15:59,6.54,44,1010,38
15:59,6.55,44,1010,38
15:59,6.55,45,1012,32
15:59,6.55,45,1012,32
15:59,6.56,47,1018,29
15:59,6.57,47,1018,29
15:59,6.57,47,1013,30
15:59,6.57,47,1013,30
15:59,6.57,38,1010,35
15:59,6.58,38,1010,35
15:59,6.58,47,1013,31
15:59,6.59,47,1013,31
15:59,6.59,47,1013,30
15:59,6.6,47,1013,30
15:59,6.6,43,1014,31
15:59,6.6,43,1014,31
15:59,6.6,49,1018,31
15:59,6.61,49,1018,31
15:59,6.61,43,1015,27
15:59,6.62,43,1015,27
15:59,6.62,43,1013,31
15:59,6.63,43,1013,31
15:59,6.63,46,1010,34
15:59,6.64,49,1011,30
15:59,6.65,46,1013,35
15:59,6.66,49,1013,28
15:59,6.66,48,1016,32
15:59,6.67,43,1015,32
15:59,6.68,48,1013,30
15:59,6.69,49,1016,29
15:59,6.69,49,1016,29
15:59,6.69,46,1011,32
15:59,6.7,46,1011,32
15:59,6.71,43,1013,34
15:59,6.71,43,1013,34
15:59,6.71,46,1013,31
15:59,6.72,46,1013,31
15:59,6.72,46,1015,35
15:59,6.73,46,1015,35
15:59,6.73,46,1013,30
15:59,6.74,46,1013,30
15:59,6.74,48,1012,30
15:59,6.75,48,1012,30
15:59,6.75,46,1013,31
15:59,6.75,46,1013,31
15:59,6.75,48,1015,31
15:59,6.76,48,1015,31
15:59,6.76,50,1013,30
15:59,6.77,50,1013,30
15:59,6.77,47,1013,32
15:59,6.78,47,1013,32
15:59,6.78,46,1015,31
15:59,6.78,46,1015,31
15:59,6.79,46,1015,30
15:59,6.79,46,1015,30
15:59,6.8,46,1014,28
15:59,6.8,46,1014,28
15:59,6.8,47,1013,32
15:59,6.81,47,1013,32
15:59,6.81,47,1015,32
15:59,6.82,47,1015,32
15:59,6.82,43,1013,28
15:59,6.83,43,1013,28
15:59,6.83,49,1009,29
15:59,6.83,46,1016,28
15:59,6.84,47,1016,29
15:59,6.85,46,1009,30
15:59,6.86,46,1010,32
15:59,6.87,46,1010,32
15:59,6.87,46,1013,32
15:59,6.87,46,1013,32
15:59,6.88,46,1016,30
15:59,6.88,46,1016,30
15:59,6.89,46,1016,25
15:59,6.89,46,1016,25
15:59,6.89,47,1015,28
15:59,6.9,47,1015,28
15:59,6.9,46,1013,32
15:59,6.91,46,1013,32
15:59,6.91,46,1011,32
15:59,6.92,46,1011,32
15:59,6.92,43,1014,29
15:59,6.92,43,1014,29
15:59,6.92,46,1016,28
15:59,6.93,46,1016,28
15:59,6.93,45,1013,32
15:59,6.94,45,1013,32
15:59,6.94,44,1012,32
15:59,6.95,44,1012,32
15:59,6.95,46,1016,31
15:59,6.96,46,1016,31
15:59,6.96,48,1015,33
15:59,6.96,48,1015,33
15:59,6.97,46,1016,29
15:59,6.98,46,1016,29
15:59,6.98,46,1015,30
15:59,6.98,46,1015,30
15:59,6.98,49,1014,32
15:59,6.99,49,1014,32
15:59,6.99,46,1014,30
15:59,7,46,1014,30
15:59,7,46,1013,35
15:59,7.01,46,1013,35
15:59,7.01,49,1015,33
15:59,7.01,46,1016,32
15:59,7.02,48,1013,32
15:59,7.03,48,1017,27
15:59,7.04,46,1014,30
15:59,7.05,47,1015,32
15:59,7.06,49,1015,31
15:59,7.07,49,1015,31
15:59,7.07,47,1013,29
15:59,7.07,47,1013,29
15:59,7.07,46,1016,31
15:59,7.08,46,1016,31
15:59,7.08,47,1014,30
15:59,7.09,47,1014,30
15:59,7.09,45,1013,32
15:59,7.1,45,1013,32
15:59,7.1,45,1011,32
15:59,7.1,45,1011,32
15:59,7.1,48,1013,30
15:59,7.11,48,1013,30
15:59,7.12,46,1016,32
15:59,7.12,46,1016,32
15:59,7.12,46,1013,30
15:59,7.13,46,1013,30
15:59,7.13,44,1015,30
15:59,7.14,44,1015,30
15:59,7.14,45,1014,27
15:59,7.15,45,1014,27
15:59,7.15,44,1013,30
15:59,7.16,44,1013,30
15:59,7.16,43,1010,34
15:59,7.16,43,1010,34
15:59,7.16,43,1011,30
15:59,7.17,43,1011,30
15:59,7.17,47,1011,34
15:59,7.18,47,1011,34
15:59,7.18,47,1016,29
15:59,7.19,47,1016,29
15:59,7.19,49,1012,29
15:59,7.19,46,1015,32
15:59,7.2,50,1014,33
15:59,7.21,43,1012,32
15:59,7.22,45,1012,34
15:59,7.23,46,1016,30
15:59,7.24,46,1016,30
15:59,7.24,47,1016,25
15:59,7.25,47,1016,25
15:59,7.25,49,1016,29
15:59,7.25,49,1016,29
15:59,7.25,46,1015,32
15:59,7.26,46,1015,32
15:59,7.26,44,1016,29
15:59,7.27,44,1016,29
15:59,7.27,46,1013,31
15:59,7.28,46,1013,31
15:59,7.28,46,1013,34
15:59,7.28,46,1013,34
15:59,7.29,46,1013,32
15:59,7.29,46,1013,32
15:59,7.3,47,1014,29
15:59,7.3,47,1014,29
15:59,7.3,48,1014,29
15:59,7.31,48,1014,29
15:59,7.31,41,1013,32
15:59,7.32,41,1013,32
15:59,7.32,46,1014,30
15:59,7.33,46,1014,30
15:59,7.33,44,1010,32
15:59,7.33,44,1010,32
15:59,7.33,46,1013,28
15:59,7.34,46,1013,28
15:59,7.34,47,1012,32
15:59,7.35,47,1012,32
15:59,7.35,49,1010,34
15:59,7.36,49,1010,34
15:59,7.36,46,1013,30
15:59,7.37,46,1013,30
15:59,7.37,46,1010,31
15:59,7.37,46,1010,31
15:59,7.38,46,1011,31
15:59,7.39,46,1010,31
15:59,7.39,46,1013,35
15:59,7.4,45,1013,34
15:59,7.41,44,1017,27
15:59,7.42,46,1012,36
15:59,7.42,42,1013,37
15:59,7.43,50,1012,31
15:59,7.44,50,1012,31
15:59,7.44,50,1014,30
15:59,7.45,50,1014,30
15:59,7.45,47,1013,31
15:59,7.46,47,1013,31
15:59,7.46,48,1011,32
15:59,7.46,48,1011,32
15:59,7.47,50,1015,34
15:59,7.48,50,1015,34
15:59,7.48,43,1010,35
15:59,7.48,43,1010,35
15:59,7.48,40,1007,35
15:59,7.49,40,1007,35
15:59,7.49,40,1009,31
15:59,7.5,40,1009,31
15:59,7.5,45,1010,32
15:59,7.51,45,1010,32
15:59,7.51,45,1013,27
15:59,7.51,45,1013,27
15:59,7.51,33,1013,28
15:59,7.52,33,1013,28
15:59,7.53,39,1017,23
15:59,7.53,43,1007,35
15:59,7.54,43,1014,30
15:59,7.55,47,1014,30
15:59,7.56,44,1014,27
15:59,7.57,49,1012,25
15:59,7.57,43,1013,31
15:59,7.58,43,1013,31
15:59,7.58,48,1008,34
15:59,7.59,48,1008,34
15:59,7.59,59,1012,34
15:59,7.6,59,1012,34
15:59,7.6,39,1014,29
15:59,7.6,39,1014,29
15:59,7.61,45,1013,27
15:59,7.61,45,1013,27
15:59,7.62,43,1006,40
15:59,7.62,43,1006,40
15:59,7.62,46,1016,30
15:59,7.63,46,1016,30
15:59,7.63,44,1026,8
15:59,7.64,44,1026,8
15:59,7.64,46,1019,19
15:59,7.65,46,1019,19
15:59,7.65,44,1016,23
15:59,7.66,44,1016,23
15:59,7.66,47,1013,29
15:59,7.66,47,1013,29
15:59,7.66,45,1011,30
15:59,7.67,45,1011,30
15:59,7.67,51,1013,31
15:59,7.68,51,1013,31
15:59,7.68,43,1014,26
15:59,7.69,43,1014,26
15:59,7.69,45,1015,21
15:59,7.69,45,1015,21
15:59,7.7,47,1018,22
15:59,7.7,47,1018,22
15:59,7.71,45,1013,30
15:59,7.71,45,1013,30
15:59,7.71,46,1014,32
15:59,7.72,47,1010,31
15:59,7.73,44,1015,27
15:59,7.74,45,1018,31
15:59,7.75,48,1016,23
15:59,7.75,44,1013,27
15:59,7.76,47,1008,34
15:59,7.77,47,1008,34
15:59,7.77,51,1010,34
15:59,7.78,51,1010,34
15:59,7.78,50,1014,30
15:59,7.78,50,1014,30
15:59,7.79,45,1017,24
15:59,7.79,45,1017,24
15:59,7.8,46,1016,26
15:59,7.8,46,1016,26
15:59,7.8,50,1013,30
15:59,7.81,50,1013,30
15:59,7.81,45,1015,32
15:59,7.82,45,1015,32
15:59,7.82,51,1016,32
15:59,7.83,51,1016,32
15:59,7.83,47,1014,27
15:59,7.83,47,1014,27
15:59,7.83,49,1014,30
15:59,7.84,49,1014,30
15:59,7.84,47,1012,27
15:59,7.85,47,1012,27
15:59,7.85,47,1010,24
15:59,7.86,44,1015,27
15:59,7.87,44,1014,25
15:59,7.88,33,1011,17
15:59,7.89,46,1014,35
15:59,7.89,46,1017,29
15:59,7.9,46,1013,19
15:59,7.91,46,1013,19
15:59,7.91,41,1017,27
15:59,7.92,41,1017,27
15:59,7.92,51,1020,19
15:59,7.92,51,1020,19
15:59,7.92,50,1018,21
15:59,7.93,50,1018,21
15:59,7.94,49,1018,27
15:59,7.94,49,1018,27
15:59,7.94,49,1014,29
15:59,7.95,49,1014,29
15:59,7.95,45,1014,29
15:59,7.96,45,1014,29
15:59,7.96,46,1012,31
15:59,7.97,46,1012,31
15:59,7.97,48,1015,27
15:59,7.98,48,1015,27
15:59,7.98,44,1013,34
15:59,7.98,44,1013,34
15:59,7.98,40,1010,35
15:59,7.99,40,1010,35
15:59,7.99,40,1010,39
15:59,8,40,1010,39
15:59,8,42,1014,32
15:59,8.01,42,1014,32
15:59,8.01,28,1008,60
15:59,8.01,28,1008,60
15:59,8.02,27,1005,45
15:59,8.02,55,1057,-45
15:59,8.03,36,991,63
15:59,8.04,72,1019,1
15:59,8.05,41,1012,30
15:59,8.06,43,1015,22
15:59,8.07,45,1021,9
15:59,8.07,45,1021,9
15:59,8.07,44,1016,29
15:59,8.08,44,1016,29
15:59,8.08,49,1011,25
15:59,8.09,49,1011,25
15:59,8.09,52,1016,16
15:59,8.1,52,1016,16
15:59,8.1,43,1017,24
15:59,8.1,43,1017,24
15:59,8.11,46,1014,26
15:59,8.11,46,1014,26
15:59,8.12,50,1016,24
15:59,8.12,50,1016,24
15:59,8.12,38,1013,29
15:59,8.13,38,1013,29
15:59,8.13,36,1014,30
15:59,8.14,36,1014,30
15:59,8.14,42,1014,21
15:59,8.15,42,1014,21
15:59,8.15,42,1016,25
15:59,8.16,42,1016,25
15:59,8.16,40,1017,24
15:59,8.16,40,1017,24
15:59,8.16,49,1012,26
15:59,8.17,49,1012,26
15:59,8.17,41,1019,20
15:59,8.18,41,1019,20
15:59,8.18,46,1015,22
15:59,8.19,46,1015,22
15:59,8.19,46,1016,22
15:59,8.19,46,1016,22
15:59,8.2,46,1012,27
15:59,8.2,51,1009,23
15:59,8.21,88,1004,17
15:59,8.22,65,1000,34
15:59,8.23,2,1037,18
15:59,8.24,2,1037,18
15:59,8.24,25,1024,21
15:59,8.25,25,1024,21
15:59,8.25,37,1018,22
15:59,8.25,37,1018,22
15:59,8.25,43,1016,21
15:59,8.26,43,1016,21
15:59,8.26,45,1019,22
15:59,8.27,45,1019,22
15:59,8.27,41,1018,21
15:59,8.28,41,1018,21
15:59,8.28,40,1016,24
15:59,8.28,40,1016,24
15:59,8.29,48,1013,24
15:59,8.3,48,1013,24
15:59,8.3,54,1008,27
15:59,8.3,54,1008,27
15:59,8.3,46,1008,30
15:59,8.31,41,1013,30
15:59,8.32,41,1015,21
15:59,8.33,42,1016,21
15:59,8.33,39,1015,28
15:59,8.34,40,1016,21
15:59,8.35,43,1013,19
15:59,8.36,43,1013,19
15:59,8.36,41,1015,23
15:59,8.37,41,1015,23
15:59,8.37,42,1015,22
15:59,8.38,42,1015,22
15:59,8.38,45,1018,20
15:59,8.39,45,1018,20
15:59,8.39,44,1017,14
15:59,8.39,44,1017,14
15:59,8.39,41,1013,29
15:59,8.4,41,1013,29
15:59,8.4,46,1012,29
15:59,8.41,46,1012,29
15:59,8.41,50,1014,27
15:59,8.42,50,1014,27
15:59,8.42,43,1012,26
15:59,8.42,43,1012,26
15:59,8.43,33,1014,27
15:59,8.43,33,1014,27
15:59,8.44,34,1013,21
15:59,8.44,34,1013,21
15:59,8.44,47,1018,19
15:59,8.45,47,1018,19
15:59,8.45,49,1018,17
15:59,8.46,49,1018,17
15:59,8.46,42,1020,18
15:59,8.47,42,1020,18
15:59,8.47,42,1016,19
15:59,8.48,44,1017,19
15:59,8.48,44,1015,25
15:59,8.49,45,1016,22
15:59,8.5,45,1014,22
15:59,8.51,43,1013,27
15:59,8.51,43,1014,24
15:59,8.52,43,1014,24
15:59,8.53,42,1013,20
15:59,8.53,42,1013,20
15:59,8.53,33,1015,28
15:59,8.54,33,1015,28
15:59,8.54,42,1013,30
15:59,8.55,42,1013,30
15:59,8.55,44,1012,27
15:59,8.56,44,1012,27
15:59,8.56,47,1016,20
15:59,8.57,47,1016,20
15:59,8.57,46,1016,18
15:59,8.57,46,1016,18
15:59,8.57,50,1017,14
15:59,8.58,50,1017,14
15:59,8.58,51,1019,10
15:59,8.59,51,1019,10
15:59,8.59,47,1016,20
15:59,8.6,47,1016,20
15:59,8.6,42,1013,23
15:59,8.6,42,1013,23
15:59,8.61,46,1017,21
15:59,8.61,46,1017,21
15:59,8.62,39,1013,25
15:59,8.62,39,1013,25
15:59,8.62,43,1012,29
15:59,8.63,43,1012,29
15:59,8.63,43,1019,20
15:59,8.64,43,1019,20
15:59,8.64,38,1016,25
15:59,8.65,40,1017,24
15:59,8.66,40,1015,24
15:59,8.66,47,1014,23
15:59,8.67,44,1016,27
15:59,8.68,42,1012,29
15:59,8.69,46,1017,19
15:59,8.69,46,1017,19
15:59,8.7,49,1017,19
15:59,8.71,49,1017,19
15:59,8.71,49,1014,16
15:59,8.71,49,1014,16
15:59,8.71,49,1017,17
15:59,8.72,49,1017,17
15:59,8.72,43,1013,18
15:59,8.73,43,1013,18
15:59,8.73,42,1015,16
15:59,8.74,42,1015,16
15:59,8.74,40,1013,23
15:59,8.75,40,1013,23
15:59,8.75,39,1015,24
15:59,8.75,39,1015,24
15:59,8.76,38,1016,29
15:59,8.76,38,1016,29
15:59,8.76,36,1015,23
15:59,8.77,36,1015,23
15:59,8.77,40,1016,22
15:59,8.78,40,1016,22
15:59,8.78,42,1015,21
15:59,8.79,42,1015,21
15:59,8.79,44,1012,22
15:59,8.8,44,1012,22
15:59,8.8,46,1015,22
15:59,8.8,47,1013,22
15:59,8.81,46,1016,17
15:59,8.82,44,1013,25
15:59,8.83,43,1015,20
15:59,8.83,44,1016,17
15:59,8.84,46,1017,18
15:59,8.85,46,1017,18
15:59,8.85,39,1013,19
15:59,8.86,39,1013,19
15:59,8.86,45,1013,20
15:59,8.87,45,1013,20
15:59,8.87,41,1016,20
15:59,8.88,41,1016,20
15:59,8.88,46,1013,21
15:59,8.89,46,1013,21
15:59,8.89,40,1015,21
15:59,8.89,40,1015,21
15:59,8.89,46,1016,18
15:59,8.9,46,1016,18
15:59,8.9,47,1015,19
15:59,8.91,47,1015,19
15:59,8.91,48,1015,21
15:59,8.92,48,1015,21
15:59,8.92,45,1014,22
15:59,8.92,45,1014,22
15:59,8.93,42,1014,22
15:59,8.93,42,1014,22
15:59,8.94,41,1014,21
15:59,8.94,41,1014,21
15:59,8.94,42,1013,21
15:59,8.95,42,1013,21
15:59,8.95,42,1013,24
15:59,8.96,42,1013,24
15:59,8.96,44,1015,24
15:59,8.97,44,1015,24
15:59,8.97,42,1017,27
15:59,8.98,42,1017,27
15:59,8.98,43,1016,19
15:59,8.98,43,1016,19
15:59,8.98,46,1016,21
15:59,8.99,46,1016,21
15:59,8.99,40,1016,17
15:59,9,40,1016,17
15:59,9,43,1017,22
15:59,9.01,43,1017,22
15:59,9.01,43,1018,20
15:59,9.01,43,1018,20
15:59,9.02,41,1014,19
15:59,9.02,41,1014,19
15:59,9.03,40,1015,19
15:59,9.03,40,1015,19
15:59,9.03,41,1016,21
15:59,9.04,43,1018,17
15:59,9.05,44,1016,18
15:59,9.06,42,1017,24
15:59,9.07,40,1014,22
15:59,9.07,40,1015,22
15:59,9.08,43,1014,23
15:59,9.09,43,1014,23
15:59,9.09,47,1014,23
15:59,9.1,47,1014,23
15:59,9.1,46,1018,16
15:59,9.1,46,1018,16
15:59,9.11,43,1015,23
15:59,9.12,43,1015,23
15:59,9.12,43,1013,24
15:59,9.12,43,1013,24
15:59,9.12,44,1017,22
15:59,9.13,44,1017,22
15:59,9.13,43,1015,20
15:59,9.14,43,1015,20
15:59,9.14,43,1016,19
15:59,9.15,43,1016,19
15:59,9.15,41,1017,19
15:59,9.16,41,1017,19
15:59,9.16,44,1018,23
15:59,9.16,44,1018,23
15:59,9.17,43,1015,24
15:59,9.17,43,1015,24
15:59,9.17,41,1014,23
15:59,9.18,41,1014,23
15:59,9.18,39,1015,21
15:59,9.19,39,1015,21
15:59,9.19,43,1012,17
15:59,9.2,42,1013,19
15:59,9.21,43,1013,16
15:59,9.21,49,1013,21
15:59,9.22,43,1013,24
15:59,9.23,42,1016,20
15:59,9.24,45,1017,19
15:59,9.25,45,1017,19
15:59,9.25,46,1016,19
15:59,9.25,46,1016,19
15:59,9.26,44,1018,19
15:59,9.26,44,1018,19
15:59,9.26,43,1017,21
15:59,9.27,43,1017,21
15:59,9.27,42,1017,19
15:59,9.28,42,1017,19
15:59,9.28,43,1016,23
15:59,9.29,43,1016,23
15:59,9.29,40,1015,23
15:59,9.3,40,1015,23
15:59,9.3,38,1016,21
15:59,9.3,38,1016,21
15:59,9.3,39,1013,23
15:59,9.31,39,1013,23
15:59,9.31,42,1018,21
15:59,9.32,42,1018,21
15:59,9.32,44,1015,20
15:59,9.33,44,1015,20
15:59,9.33,41,1014,21
15:59,9.33,41,1014,21
15:59,9.34,44,1011,21
15:59,9.34,44,1011,21
15:59,9.35,43,1012,19
15:59,9.35,43,1012,19
15:59,9.35,43,1015,20
15:59,9.36,43,1015,20
15:59,9.36,44,1018,21
15:59,9.37,44,1018,21
15:59,9.37,43,1015,19
15:59,9.38,43,1015,19
15:59,9.38,43,1013,17
15:59,9.39,43,1013,17
15:59,9.39,44,1016,19
15:59,9.39,44,1016,19
15:59,9.39,43,1014,23
15:59,9.4,43,1014,23
15:59,9.4,40,1016,20
15:59,9.41,40,1016,20
15:59,9.41,43,1014,19
15:59,9.42,43,1014,19
15:59,9.42,44,1016,19
15:59,9.42,44,1016,19
15:59,9.43,41,1014,19
15:59,9.43,41,1014,19
15:59,9.44,42,1013,21
15:59,9.44,42,1013,21
15:59,9.44,38,1016,21
15:59,9.45,38,1016,21
15:59,9.45,46,1016,21
15:59,9.46,46,1015,21
15:59,9.47,46,1017,18
15:59,9.48,46,1016,18
15:59,9.48,40,1018,20
15:59,9.49,46,1017,19
15:59,9.5,43,1016,19
15:59,9.51,41,1016,19
15:59,9.51,41,1016,19
15:59,9.52,42,1014,21
15:59,9.53,42,1014,21
15:59,9.53,42,1014,21
15:59,9.53,42,1014,21
15:59,9.53,43,1014,22
15:59,9.54,43,1014,22
15:59,9.54,45,1016,19
15:59,9.55,45,1016,19
15:59,9.55,46,1016,21
15:59,9.56,46,1016,21
15:59,9.56,43,1016,19
15:59,9.57,43,1016,19
15:59,9.57,46,1013,18
15:59,9.57,46,1013,18
15:59,9.58,43,1016,19
15:59,9.58,43,1016,19
15:59,9.58,40,1016,19
15:59,9.59,40,1016,19
15:59,9.59,45,1014,19
15:59,9.6,45,1014,19
15:59,9.6,43,1016,18
15:59,9.61,43,1016,18
15:59,9.61,43,1014,18
15:59,9.62,43,1014,18
15:59,9.62,44,1013,19
15:59,9.62,44,1013,19
15:59,9.62,44,1013,18
15:59,9.63,44,1013,18
15:59,9.63,43,1013,22
15:59,9.64,43,1013,22
15:59,9.64,43,1013,18
15:59,9.65,43,1016,22
15:59,9.66,40,1015,23
15:59,9.66,43,1015,20
15:59,9.67,46,1014,21
15:59,9.68,41,1017,22
15:59,9.69,45,1018,21
15:59,9.7,45,1018,21
15:59,9.7,43,1016,19
15:59,9.71,43,1016,19
15:59,9.71,43,1014,19
15:59,9.71,43,1014,19
15:59,9.71,43,1017,16
15:59,9.72,43,1017,16
15:59,9.72,43,1016,20
15:59,9.73,43,1016,20
15:59,9.73,44,1013,17
15:59,9.74,44,1013,17
15:59,9.74,43,1015,17
15:59,9.75,43,1015,17
15:59,9.75,42,1016,20
15:59,9.75,42,1016,20
15:59,9.76,42,1016,19
15:59,9.76,42,1016,19
15:59,9.76,43,1016,23
15:59,9.77,43,1016,23
15:59,9.77,43,1013,20
15:59,9.78,43,1013,20
15:59,9.78,43,1015,19
15:59,9.79,43,1015,19
15:59,9.79,43,1017,21
15:59,9.8,43,1017,21
15:59,9.8,44,1016,19
15:59,9.8,44,1016,19
15:59,9.8,44,1014,17
15:59,9.81,44,1014,17
15:59,9.81,44,1017,19
15:59,9.82,44,1017,19
15:59,9.82,41,1018,20
15:59,9.83,43,1015,21
15:59,9.83,41,1016,23
15:59,9.84,42,1013,22
15:59,9.85,44,1016,21
15:59,9.86,42,1013,19
15:59,9.87,43,1014,19
15:59,9.88,44,1014,22
15:59,9.89,44,1014,22
15:59,9.89,46,1016,20
15:59,9.89,46,1016,20
15:59,9.89,40,1016,17
15:59,9.9,40,1016,17
15:59,9.91,41,1014,18
15:59,9.91,41,1014,18
15:59,9.91,46,1018,17
15:59,9.92,46,1018,17
15:59,9.92,43,1013,18
15:59,9.92,43,1013,18
15:59,9.93,46,1017,18
15:59,9.94,46,1017,18
15:59,9.94,43,1018,20
15:59,9.94,43,1018,20
15:59,9.94,40,1017,24
15:59,9.95,40,1017,24
15:59,9.95,43,1018,23
15:59,9.96,43,1018,23
15:59,9.96,43,1015,20
15:59,9.97,43,1015,20
15:59,9.97,39,1015,25
15:59,9.98,39,1015,25
15:59,9.98,42,1017,18
15:59,9.98,42,1017,18
15:59,9.99,43,1021,16
15:59,9.99,43,1021,16
15:59,10,44,1016,18
15:59,10,44,1016,18
15:59,10,41,1015,18
15:59,10.01,41,1015,18
15:59,10.01,42,1015,22
15:59,10.02,42,1015,22
15:59,10.02,40,1015,20
15:59,10.03,40,1015,20
15:59,10.03,44,1016,21
15:59,10.03,44,1016,21
15:59,10.03,47,1015,16
15:59,10.04,47,1015,16
15:59,10.04,45,1014,21
15:59,10.05,45,1014,21
15:59,10.05,43,1014,23
15:59,10.06,43,1014,23
15:59,10.06,43,1013,22
15:59,10.07,43,1013,22
15:59,10.07,44,1017,16
15:59,10.07,44,1017,16
15:59,10.08,43,1013,17
15:59,10.08,43,1013,17
15:59,10.08,44,1016,17
15:59,10.09,44,1016,17
15:59,10.09,45,1016,17
15:59,10.1,45,1016,17
15:59,10.1,46,1014,20
15:59,10.11,46,1014,20
15:59,10.11,44,1017,18
15:59,10.12,44,1017,18
15:59,10.12,42,1017,18
15:59,10.12,42,1017,18
15:59,10.12,43,1014,21
15:59,10.13,43,1014,21
15:59,10.13,48,1018,18
15:59,10.14,48,1018,18
15:59,10.14,41,1014,21
15:59,10.15,43,1014,16
15:59,10.16,39,1013,19
15:59,10.16,43,1017,20
15:59,10.17,43,1016,19
15:59,10.18,38,1018,18
15:59,10.19,43,1014,20
15:59,10.2,43,1014,20
15:59,10.2,43,1017,19
15:59,10.21,43,1017,19
15:59,10.21,44,1014,24
15:59,10.21,44,1014,24
15:59,10.21,43,1016,21
15:59,10.22,43,1016,21
15:59,10.22,43,1017,19
15:59,10.23,43,1017,19
15:59,10.23,43,1015,18
15:59,10.24,43,1015,18
15:59,10.24,43,1015,21
15:59,10.25,43,1015,21
15:59,10.25,42,1014,20
15:59,10.25,42,1014,20
15:59,10.26,43,1014,19
15:59,10.26,43,1014,19
15:59,10.26,41,1014,19
15:59,10.27,41,1014,19
15:59,10.27,46,1016,18
15:59,10.28,46,1016,18
15:59,10.28,44,1016,19
15:59,10.29,44,1016,19
15:59,10.29,44,1017,19
15:59,10.3,44,1017,19
15:59,10.3,44,1018,18
15:59,10.3,44,1018,18
15:59,10.3,46,1018,19
15:59,10.31,46,1018,19
15:59,10.32,45,1018,23
15:59,10.32,45,1018,23
15:59,10.32,43,1015,21
15:59,10.33,43,1015,21
15:59,10.33,41,1018,21
15:59,10.33,41,1018,21
15:59,10.34,41,1019,19
15:59,10.35,41,1019,19
15:59,10.35,44,1014,22
15:59,10.35,40,1013,19
15:59,10.36,39,1016,24
15:59,10.37,40,1016,18
15:59,10.38,41,1015,22
15:59,10.39,43,1016,21
15:59,10.39,43,1015,26
15:59,10.4,43,1015,26
15:59,10.41,41,1016,21
15:59,10.41,41,1016,21
15:59,10.41,43,1013,19
15:59,10.42,43,1013,19
15:59,10.42,38,1013,19
15:59,10.43,38,1013,19
15:59,10.43,40,1016,21
15:59,10.44,40,1016,21
15:59,10.44,43,1016,19
15:59,10.44,43,1016,19
15:59,10.44,43,1019,18
15:59,10.45,43,1019,18
15:59,10.45,40,1016,22
15:59,10.46,40,1016,22
15:59,10.46,43,1016,20
15:59,10.47,43,1016,20
15:59,10.47,41,1015,21
15:59,10.48,41,1015,21
15:59,10.48,41,1016,22
15:59,10.48,41,1016,22
15:59,10.49,40,1016,16
15:59,10.49,40,1016,16
15:59,10.5,43,1013,19
15:59,10.5,40,1018,20
15:59,10.51,43,1015,21
15:59,10.52,42,1016,16
15:59,10.53,43,1016,19
15:59,10.53,40,1014,16
15:59,10.54,43,1015,22
15:59,10.55,43,1015,22
15:59,10.55,46,1014,16
15:59,10.56,46,1014,16
15:59,10.56,44,1015,19
15:59,10.57,44,1015,19
15:59,10.57,44,1017,19
15:59,10.57,44,1017,19
15:59,10.58,41,1014,20
15:59,10.58,41,1014,20
15:59,10.58,40,1011,18
15:59,10.59,40,1011,18
15:59,10.59,42,1016,19
15:59,10.6,42,1016,19
15:59,10.6,40,1018,21
15:59,10.61,40,1018,21
15:59,10.61,39,1016,19
15:59,10.62,39,1016,19
15:59,10.62,46,1019,19
15:59,10.62,46,1019,19
15:59,10.62,46,1016,18
15:59,10.63,46,1016,18
15:59,10.63,42,1015,19
15:59,10.64,42,1015,19
15:59,10.64,43,1013,20
15:59,10.65,43,1013,20
15:59,10.65,38,1015,19
15:59,10.66,38,1015,19
15:59,10.66,43,1016,24
15:59,10.66,43,1016,24
15:59,10.67,43,1016,21
15:59,10.67,43,1016,21
15:59,10.67,42,1016,19
15:59,10.68,42,1014,24
15:59,10.69,40,1015,16
15:59,10.7,41,1016,20
15:59,10.71,42,1013,24
15:59,10.71,42,1013,21
15:59,10.72,42,1016,23
15:59,10.73,42,1016,23
15:59,10.73,43,1016,19
15:59,10.74,43,1016,19
15:59,10.74,43,1018,13
15:59,10.75,43,1018,13
15:59,10.75,43,1016,18
15:59,10.76,43,1016,18
15:59,10.76,44,1016,20
15:59,10.76,44,1016,20
15:59,10.76,41,1016,19
15:59,10.77,41,1016,19
15:59,10.77,41,1012,19
15:59,10.78,41,1012,19
15:59,10.78,40,1013,16
15:59,10.79,40,1013,16
15:59,10.79,42,1015,15
15:59,10.8,42,1015,15
15:59,10.8,43,1016,20
15:59,10.8,43,1016,20
15:59,10.81,41,1014,19
15:59,10.81,41,1014,19
15:59,10.82,43,1016,20
15:59,10.82,43,1016,20
15:59,10.82,45,1013,19
15:59,10.83,45,1013,19
15:59,10.83,41,1016,20
15:59,10.84,41,1016,20
15:59,10.84,41,1016,21
15:59,10.85,41,1016,21
15:59,10.85,43,1015,20
15:59,10.85,43,1015,20
15:59,10.85,44,1014,18
15:59,10.86,44,1014,18
15:59,10.86,43,1015,24
15:59,10.87,41,1016,19
15:59,10.88,42,1016,16
15:59,10.89,43,1016,21
15:59,10.89,43,1012,20
15:59,10.9,46,1015,19
15:59,10.91,43,1017,19
15:59,10.92,43,1017,19
15:59,10.92,48,1015,20
15:59,10.93,48,1015,20
15:59,10.93,44,1014,20
15:59,10.94,44,1014,20
15:59,10.94,43,1016,19
15:59,10.94,43,1016,19
15:59,10.94,42,1014,19
15:59,10.95,42,1014,19
15:59,10.95,39,1016,21
15:59,10.96,39,1016,21
15:59,10.96,43,1015,22
15:59,10.97,43,1015,22
15:59,10.97,44,1014,20
15:59,10.98,44,1014,20
15:59,10.98,42,1016,17
15:59,10.98,42,1016,17
15:59,10.99,47,1015,19
15:59,10.99,47,1015,19
15:59,11,42,1019,21
15:59,11,42,1019,21
15:59,11,39,1016,21
15:59,11.01,39,1016,21
15:59,11.01,43,1015,20
15:59,11.02,43,1015,20
15:59,11.02,42,1016,17
15:59,11.03,42,1016,17
15:59,11.03,42,1015,21
15:59,11.03,42,1018,18
15:59,11.04,44,1019,16
15:59,11.05,41,1016,19
15:59,11.06,43,1015,20
15:59,11.07,41,1016,18
15:59,11.07,40,1015,20
15:59,11.08,40,1015,20
15:59,11.08,41,1016,17
15:59,11.09,41,1016,17
15:59,11.09,39,1015,24
15:59,11.1,39,1015,24
15:59,11.1,43,1017,18
15:59,11.11,43,1017,18
15:59,11.11,40,1015,20
15:59,11.12,40,1015,20
15:59,11.12,40,1016,19
15:59,11.12,40,1016,19
15:59,11.12,43,1017,19
